Transaction_ID,Vendor_ID,Amount,Quantity,Payment_Method,Days_Between_Transactions,Fraud_Label
T0,1096,22452,8,UPI,19,0
T1,1048,5875,5,Card,20,0
T2,1038,48227,13,Bank,24,1
T3,1037,46762,13,UPI,15,1
T4,1083,22994,7,Bank,27,0
T5,1064,38683,10,Card,28,0
T6,1012,26989,16,Card,6,1
T7,1074,17470,19,UPI,6,1
T8,1050,6075,2,Card,25,0
T9,1032,10481,16,UPI,21,1
T10,1048,37802,5,Card,21,0
T11,1062,48447,18,Bank,1,1
T12,1011,35193,16,Card,6,1
T13,1067,4629,9,Bank,29,0
T14,1075,32404,7,Bank,17,0
T15,1091,25467,1,UPI,18,0
T16,1087,10509,3,Card,3,0
T17,1099,27656,8,Card,3,0
T18,1028,30958,7,Card,29,0
T19,1001,46635,14,Bank,3,1
T20,1089,46743,11,UPI,24,1
T21,1094,41423,5,UPI,10,1
T22,1072,19833,12,UPI,29,0
T23,1011,32602,2,Card,11,0
T24,1009,41680,12,Card,18,1
T25,1081,34971,15,Bank,25,0
T26,1002,7180,19,UPI,29,1
T27,1040,23162,13,UPI,18,0
T28,1049,1238,9,Bank,10,0
T29,1014,48718,17,Bank,15,1
T30,1032,46117,3,UPI,21,1
T31,1011,37244,4,Bank,12,0
T32,1029,39579,17,UPI,24,1
T33,1033,27855,4,Bank,3,0
T34,1066,48075,9,Card,3,1
T35,1048,29615,15,Bank,22,0
T36,1032,21143,3,Card,5,0
T37,1006,23039,14,Bank,21,0
T38,1014,36094,4,Card,13,0
T39,1059,24178,8,Bank,3,0
T40,1071,48176,16,Bank,11,1
T41,1000,33374,18,Card,10,1
T42,1016,16138,19,Bank,16,1
T43,1044,28440,5,Bank,7,0
T44,1086,40462,15,UPI,11,1
T45,1040,14129,13,Card,3,0
T46,1064,41051,5,UPI,16,1
T47,1089,34260,1,UPI,15,0
T48,1055,19822,5,Card,9,0
T49,1047,33784,7,Bank,7,0
T50,1047,41348,5,UPI,3,1
T51,1070,23933,13,UPI,5,0
T52,1027,12150,10,Bank,16,0
T53,1078,16588,4,Bank,24,0
T54,1083,48829,13,UPI,18,1
T55,1056,26437,1,Bank,24,0
T56,1011,4005,10,Bank,10,0
T57,1079,21500,19,Bank,20,1
T58,1015,7750,7,UPI,1,1
T59,1097,1974,18,Bank,22,1
T60,1099,21196,16,Bank,8,1
T61,1091,27307,10,Card,6,0
T62,1043,29775,12,Bank,15,0
T63,1062,46996,11,UPI,25,1
T64,1077,30686,6,UPI,12,0
T65,1078,43222,19,Card,5,1
T66,1094,6371,12,Card,18,0
T67,1062,28429,2,Card,15,0
T68,1020,29842,9,Card,7,0
T69,1028,35802,13,UPI,17,0
T70,1060,48720,15,UPI,7,1
T71,1030,10520,3,Bank,11,0
T72,1010,22690,6,Bank,11,0
T73,1034,31872,10,Card,17,0
T74,1076,44675,6,UPI,14,1
T75,1074,28958,2,UPI,29,0
T76,1094,4544,11,Bank,6,0
T77,1093,25740,14,UPI,25,0
T78,1079,3597,16,Bank,1,1
T79,1057,21426,1,UPI,28,0
T80,1069,15721,7,Card,24,0
T81,1034,48031,18,Bank,28,1
T82,1099,38088,7,Card,19,0
T83,1050,20323,9,Card,19,0
T84,1087,48506,5,Bank,28,1
T85,1085,13944,19,UPI,28,1
T86,1050,46359,10,Card,18,1
T87,1013,17223,13,Card,27,0
T88,1073,30434,6,Card,21,0
T89,1054,48233,9,UPI,26,1
T90,1048,26698,1,UPI,15,0
T91,1063,5770,2,Bank,14,0
T92,1047,43993,2,Bank,4,1
T93,1024,34925,9,UPI,11,0
T94,1025,22992,12,Card,7,0
T95,1012,22501,6,UPI,6,0
T96,1082,46410,5,Bank,12,1
T97,1035,23121,17,UPI,11,1
T98,1074,44303,16,Card,3,1
T99,1043,36888,10,Card,26,0
T100,1028,2444,11,Bank,3,0
T101,1012,37902,2,Bank,21,0
T102,1007,29814,5,Card,9,0
T103,1008,4324,2,Bank,29,0
T104,1039,21609,1,UPI,1,1
T105,1090,15694,14,Bank,26,0
T106,1054,6595,8,Bank,4,0
T107,1037,17660,8,Card,13,0
T108,1058,3043,13,Bank,2,0
T109,1025,30175,18,UPI,1,1
T110,1016,25926,18,UPI,7,1
T111,1056,3526,18,Card,10,1
T112,1024,45435,16,UPI,26,1
T113,1005,25058,14,Bank,6,0
T114,1000,7776,11,Card,10,0
T115,1020,45928,2,Card,26,1
T116,1005,40008,12,Bank,25,1
T117,1087,21600,8,Bank,16,0
T118,1081,44447,11,UPI,19,1
T119,1045,29719,8,Bank,7,0
T120,1001,45996,14,Card,11,1
T121,1069,6773,4,UPI,17,0
T122,1040,27988,6,Bank,23,0
T123,1040,39929,5,Card,22,0
T124,1097,2174,19,Card,18,1
T125,1064,4150,1,UPI,18,0
T126,1091,22152,16,UPI,12,1
T127,1007,36368,7,UPI,12,0
T128,1076,31410,4,UPI,12,0
T129,1003,48448,15,Bank,21,1
T130,1074,15847,16,Card,1,1
T131,1030,18991,4,UPI,21,0
T132,1027,13843,3,Bank,17,0
T133,1094,21225,7,Card,8,0
T134,1004,16188,6,UPI,29,0
T135,1018,6326,13,UPI,4,0
T136,1078,30731,19,Bank,29,1
T137,1078,35405,18,UPI,2,1
T138,1053,36937,3,UPI,28,0
T139,1057,3676,17,UPI,12,1
T140,1008,35583,7,UPI,29,0
T141,1053,9661,3,Bank,7,0
T142,1098,36758,12,Bank,10,0
T143,1029,33811,16,Card,25,1
T144,1011,11697,18,Card,5,1
T145,1078,15398,7,Card,17,0
T146,1098,32701,10,UPI,29,0
T147,1068,42591,6,UPI,15,1
T148,1025,1292,7,UPI,3,0
T149,1077,13036,4,Card,10,0
T150,1064,49361,11,Card,20,1
T151,1053,48077,9,Bank,16,1
T152,1037,42270,9,Card,26,1
T153,1081,32830,9,UPI,24,0
T154,1014,28207,17,Bank,15,1
T155,1084,45240,2,UPI,20,1
T156,1027,34049,13,Card,14,0
T157,1076,13439,10,UPI,20,0
T158,1064,45760,9,UPI,20,1
T159,1011,39182,1,UPI,19,0
T160,1008,26546,11,Bank,21,0
T161,1062,13899,17,UPI,3,1
T162,1023,14153,6,Card,20,0
T163,1049,42592,16,Card,17,1
T164,1074,11077,2,UPI,18,0
T165,1068,12586,17,Card,6,1
T166,1000,31287,1,Bank,9,0
T167,1032,9433,7,Bank,5,0
T168,1094,24955,11,Card,4,0
T169,1069,7774,6,Bank,18,0
T170,1010,42989,7,Bank,25,1
T171,1032,16364,4,UPI,12,0
T172,1014,19137,14,UPI,25,0
T173,1026,26438,17,Bank,4,1
T174,1065,7652,2,Bank,10,0
T175,1031,33440,6,UPI,19,0
T176,1082,23142,10,UPI,13,0
T177,1024,39388,3,UPI,12,0
T178,1096,13025,3,Card,2,0
T179,1046,12279,16,Bank,22,1
T180,1085,21667,8,Bank,7,0
T181,1071,20698,2,Card,23,0
T182,1078,18669,8,UPI,10,0
T183,1092,29225,6,Card,16,0
T184,1023,29768,1,UPI,10,0
T185,1034,7027,10,UPI,28,0
T186,1063,47911,13,Card,23,1
T187,1092,9455,5,Bank,29,0
T188,1060,37235,15,Bank,19,0
T189,1055,44276,11,UPI,7,1
T190,1008,14542,16,Card,25,1
T191,1063,1576,7,UPI,18,0
T192,1056,22332,13,UPI,7,0
T193,1019,30814,8,Card,15,0
T194,1051,21782,8,UPI,7,0
T195,1096,42532,13,Bank,14,1
T196,1032,22193,10,Card,26,0
T197,1082,42479,8,Bank,25,1
T198,1017,1792,11,Bank,9,0
T199,1026,41883,7,UPI,4,1
T200,1011,13812,7,UPI,2,0
T201,1074,37773,10,Bank,4,0
T202,1054,34415,19,UPI,13,1
T203,1096,25749,4,UPI,3,0
T204,1055,16924,1,UPI,9,0
T205,1051,19871,16,Bank,7,1
T206,1027,36980,4,Bank,11,0
T207,1005,15117,9,UPI,23,0
T208,1048,29920,2,Card,2,0
T209,1064,13648,16,Bank,4,1
T210,1065,34855,15,UPI,5,0
T211,1077,34171,4,Card,9,0
T212,1080,27371,8,Card,17,0
T213,1056,28704,8,UPI,5,0
T214,1053,43876,6,UPI,16,1
T215,1025,18382,12,Bank,22,0
T216,1028,40097,4,Card,14,1
T217,1054,29559,19,Card,7,1
T218,1057,34617,19,UPI,28,1
T219,1058,39722,16,Card,9,1
T220,1080,16180,11,UPI,25,0
T221,1036,1642,8,Bank,5,0
T222,1088,1444,16,Bank,5,1
T223,1019,15091,18,Bank,4,1
T224,1026,48475,1,UPI,15,1
T225,1000,27368,8,UPI,26,0
T226,1089,28223,19,Card,14,1
T227,1099,25286,6,UPI,29,0
T228,1039,22709,13,Bank,22,0
T229,1043,34866,14,Bank,26,0
T230,1046,7871,19,Bank,18,1
T231,1078,26642,15,UPI,23,0
T232,1019,42606,2,UPI,9,1
T233,1046,38966,3,Bank,17,0
T234,1025,41915,17,Card,2,1
T235,1087,20722,13,Card,28,0
T236,1084,42974,17,UPI,4,1
T237,1088,8092,7,Bank,26,0
T238,1089,31749,4,UPI,7,0
T239,1023,10836,4,Bank,22,0
T240,1031,43104,16,UPI,1,1
T241,1072,46258,4,UPI,27,1
T242,1055,47560,11,Card,18,1
T243,1081,35541,16,Card,28,1
T244,1085,29014,19,Bank,6,1
T245,1031,4235,4,UPI,8,0
T246,1037,21876,5,UPI,27,0
T247,1014,36902,16,UPI,26,1
T248,1089,43837,18,Card,23,1
T249,1048,34269,10,UPI,7,0
T250,1006,4229,17,Card,17,1
T251,1068,26529,5,Card,13,0
T252,1017,40915,1,Card,15,1
T253,1058,43365,1,Card,22,1
T254,1078,17108,2,Card,20,0
T255,1030,17038,10,UPI,22,0
T256,1036,23442,17,Card,7,1
T257,1020,49870,10,UPI,9,1
T258,1026,32636,5,Bank,21,0
T259,1036,42283,6,Card,27,1
T260,1010,35014,1,Card,28,0
T261,1062,44034,2,UPI,8,1
T262,1022,37915,17,UPI,4,1
T263,1064,6647,9,Bank,2,0
T264,1002,32771,7,UPI,21,0
T265,1091,24940,17,Bank,23,1
T266,1028,36999,14,UPI,6,0
T267,1004,33848,9,Card,26,0
T268,1029,12848,17,Card,8,1
T269,1068,48128,15,UPI,5,1
T270,1063,24555,10,UPI,2,0
T271,1086,9247,12,UPI,8,0
T272,1045,29058,16,Bank,19,1
T273,1075,25135,15,UPI,15,0
T274,1059,5789,19,Card,4,1
T275,1052,38344,4,Card,23,0
T276,1025,31535,13,UPI,25,0
T277,1093,48765,10,Card,2,1
T278,1054,24353,8,Card,29,0
T279,1090,26736,15,UPI,12,0
T280,1032,44699,17,Bank,16,1
T281,1011,33001,18,Card,1,1
T282,1079,3274,1,Card,24,0
T283,1073,41769,19,Card,9,1
T284,1030,6076,14,UPI,16,0
T285,1020,22225,12,UPI,16,0
T286,1051,33561,5,UPI,25,0
T287,1054,13624,10,UPI,9,0
T288,1017,4827,5,Card,1,1
T289,1081,39339,1,Card,14,0
T290,1051,45804,19,UPI,6,1
T291,1068,22493,10,UPI,24,0
T292,1056,1668,17,Card,3,1
T293,1076,46682,3,Card,23,1
T294,1032,9710,16,UPI,15,1
T295,1076,33451,19,Card,17,1
T296,1099,48554,18,Bank,22,1
T297,1003,6625,4,Bank,3,0
T298,1045,18896,15,UPI,29,0
T299,1084,30217,16,UPI,26,1
T300,1070,39746,1,Card,6,0
T301,1090,36986,1,UPI,10,0
T302,1068,40376,16,UPI,14,1
T303,1013,3218,12,Card,3,0
T304,1026,8741,19,Card,12,1
T305,1073,17316,2,Card,25,0
T306,1086,34160,9,Card,17,0
T307,1096,2993,9,Card,4,0
T308,1057,39352,18,Bank,4,1
T309,1010,43360,2,UPI,29,1
T310,1024,1484,2,UPI,14,0
T311,1070,45880,11,Bank,19,1
T312,1024,5327,5,Card,19,0
T313,1008,43104,17,UPI,3,1
T314,1069,47311,3,Card,8,1
T315,1086,37002,17,Card,25,1
T316,1052,29549,17,UPI,6,1
T317,1093,21787,14,Card,1,1
T318,1058,8807,17,Card,5,1
T319,1048,38536,18,UPI,16,1
T320,1040,3874,12,UPI,3,0
T321,1037,4332,9,UPI,22,0
T322,1009,34028,8,UPI,14,0
T323,1029,39618,17,Bank,3,1
T324,1005,10476,18,Bank,3,1
T325,1032,30408,4,Card,25,0
T326,1059,33239,13,Bank,15,0
T327,1010,48574,18,Bank,14,1
T328,1028,37079,5,Card,29,0
T329,1048,22220,4,Bank,6,0
T330,1046,13660,19,UPI,13,1
T331,1068,39978,14,Bank,17,0
T332,1061,12859,16,Bank,15,1
T333,1019,8442,15,Card,14,0
T334,1085,43957,15,Card,12,1
T335,1054,1911,12,UPI,5,0
T336,1054,11414,18,Bank,13,1
T337,1007,9163,11,Card,11,0
T338,1081,40738,19,UPI,28,1
T339,1053,13725,18,Card,28,1
T340,1074,28420,16,Bank,24,1
T341,1036,14596,13,Bank,10,0
T342,1031,49525,4,Bank,10,1
T343,1043,31191,7,Bank,23,0
T344,1050,41164,8,Card,8,1
T345,1050,15130,1,Card,27,0
T346,1064,17396,4,Card,22,0
T347,1009,5309,12,Card,4,0
T348,1037,28366,7,Bank,15,0
T349,1057,45415,1,UPI,11,1
T350,1086,45889,2,Card,8,1
T351,1093,24838,14,Card,19,0
T352,1045,18146,18,UPI,4,1
T353,1008,38708,14,Card,23,0
T354,1008,32216,9,Card,23,0
T355,1020,32676,3,Card,23,0
T356,1064,18549,3,Bank,15,0
T357,1035,24148,2,Card,27,0
T358,1045,10280,3,UPI,24,0
T359,1009,37811,18,Bank,12,1
T360,1085,28858,13,Card,18,0
T361,1088,14241,1,Bank,15,0
T362,1011,30050,5,Card,3,0
T363,1040,47947,14,Bank,12,1
T364,1053,8303,10,UPI,29,0
T365,1085,26118,4,Card,13,0
T366,1087,12371,8,Bank,3,0
T367,1066,1933,4,UPI,19,0
T368,1034,14024,5,Bank,20,0
T369,1034,18771,7,Bank,15,0
T370,1040,18492,4,Bank,24,0
T371,1001,4860,7,Bank,8,0
T372,1003,2894,8,Card,27,0
T373,1014,14116,1,Bank,25,0
T374,1087,1405,8,Bank,8,0
T375,1073,20515,18,UPI,28,1
T376,1083,20788,1,Card,7,0
T377,1011,26376,19,Bank,17,1
T378,1050,10591,16,UPI,27,1
T379,1077,22838,10,Card,12,0
T380,1071,7631,7,Card,5,0
T381,1059,38897,6,Card,16,0
T382,1038,47588,4,UPI,8,1
T383,1019,49118,5,UPI,14,1
T384,1021,2137,1,Bank,25,0
T385,1087,34601,15,Bank,14,0
T386,1092,19305,8,Bank,2,0
T387,1093,47323,15,UPI,22,1
T388,1078,28509,7,Card,28,0
T389,1070,44686,12,Bank,12,1
T390,1052,18620,9,UPI,13,0
T391,1013,21066,8,Card,13,0
T392,1002,13790,11,UPI,29,0
T393,1041,13959,11,Bank,14,0
T394,1094,35545,11,UPI,16,0
T395,1087,32156,16,Card,13,1
T396,1026,34408,15,Bank,1,1
T397,1048,32024,1,UPI,7,0
T398,1062,28900,1,Bank,25,0
T399,1007,45029,11,Card,15,1
T400,1058,10075,12,Bank,5,0
T401,1062,31139,15,UPI,29,0
T402,1007,24555,17,UPI,16,1
T403,1026,3020,15,Card,5,0
T404,1023,43706,4,Bank,12,1
T405,1008,9629,2,Bank,20,0
T406,1088,46811,12,Card,19,1
T407,1042,4588,13,Bank,13,0
T408,1084,26245,4,UPI,17,0
T409,1075,11928,8,Bank,26,0
T410,1031,31488,6,UPI,5,0
T411,1001,47392,16,Card,9,1
T412,1059,38335,14,Card,22,0
T413,1035,32006,4,Card,4,0
T414,1044,3635,18,Bank,2,1
T415,1006,34844,9,Bank,14,0
T416,1019,42691,10,UPI,7,1
T417,1058,21811,18,Bank,3,1
T418,1073,36141,9,Card,6,0
T419,1071,29119,19,Card,15,1
T420,1033,30058,2,UPI,21,0
T421,1004,4776,8,Bank,7,0
T422,1075,9465,3,Bank,6,0
T423,1093,37441,15,Card,3,0
T424,1054,31394,3,UPI,22,0
T425,1059,46105,3,Bank,23,1
T426,1006,10993,2,UPI,21,0
T427,1010,42561,10,Card,24,1
T428,1015,40192,16,Card,29,1
T429,1016,6670,17,UPI,9,1
T430,1009,43534,18,UPI,5,1
T431,1053,2096,10,Bank,13,0
T432,1091,39992,19,UPI,10,1
T433,1014,18328,6,Card,19,0
T434,1038,39663,12,Card,14,0
T435,1024,45078,18,Card,1,1
T436,1031,38538,11,Card,5,0
T437,1080,29831,11,UPI,2,0
T438,1053,33725,3,UPI,17,0
T439,1081,48295,7,Card,27,1
T440,1032,37339,3,UPI,25,0
T441,1027,3165,6,Bank,15,0
T442,1060,18602,4,UPI,1,1
T443,1011,44081,14,UPI,24,1
T444,1069,14060,14,Bank,15,0
T445,1085,25166,9,Card,17,0
T446,1022,2564,12,Card,10,0
T447,1031,43098,7,UPI,23,1
T448,1003,17648,16,Card,9,1
T449,1064,35910,18,UPI,2,1
T450,1003,31542,11,Bank,15,0
T451,1067,47096,2,Bank,22,1
T452,1019,22282,17,Card,3,1
T453,1056,37456,15,Card,20,0
T454,1094,24512,1,UPI,17,0
T455,1074,10487,18,Card,25,1
T456,1034,31484,12,Card,13,0
T457,1048,21046,18,Bank,15,1
T458,1049,9303,16,Bank,28,1
T459,1081,34220,2,UPI,13,0
T460,1009,46302,3,Card,1,1
T461,1012,28747,13,UPI,27,0
T462,1082,45922,3,Card,22,1
T463,1007,4951,1,UPI,4,0
T464,1060,17408,3,Card,28,0
T465,1098,40326,12,UPI,14,1
T466,1096,40922,8,UPI,22,1
T467,1023,12656,18,Card,28,1
T468,1034,14193,12,UPI,1,1
T469,1062,2945,2,UPI,8,0
T470,1000,12167,2,Card,9,0
T471,1087,33471,10,Card,13,0
T472,1038,35224,9,UPI,26,0
T473,1026,14558,15,Bank,26,0
T474,1003,25275,13,Bank,29,0
T475,1094,3823,16,Bank,9,1
T476,1034,39383,13,Bank,9,0
T477,1018,15574,17,Card,19,1
T478,1018,34407,1,UPI,29,0
T479,1078,31821,6,Card,11,0
T480,1097,46489,7,UPI,21,1
T481,1065,39394,17,UPI,14,1
T482,1089,5781,9,UPI,11,0
T483,1067,38433,4,Card,13,0
T484,1062,22412,16,UPI,2,1
T485,1097,24070,6,Bank,16,0
T486,1042,48768,4,Bank,26,1
T487,1049,1378,14,UPI,9,0
T488,1037,45350,18,UPI,19,1
T489,1021,40419,7,Bank,8,1
T490,1064,35431,17,Bank,27,1
T491,1043,8246,8,Bank,12,0
T492,1031,5999,15,Card,28,0
T493,1018,48212,9,UPI,17,1
T494,1014,6352,5,Card,2,0
T495,1090,9908,5,Card,16,0
T496,1022,14654,7,Card,11,0
T497,1030,14248,14,Bank,4,0
T498,1045,11444,2,UPI,19,0
T499,1020,39006,14,UPI,15,0
T500,1062,33453,5,UPI,11,0
T501,1079,31377,14,Bank,14,0
T502,1000,40920,7,UPI,23,1
T503,1003,4710,6,UPI,11,0
T504,1035,14394,3,Bank,14,0
T505,1052,49250,12,Card,6,1
T506,1099,10639,4,UPI,22,0
T507,1021,5191,1,UPI,11,0
T508,1060,28904,16,Card,29,1
T509,1010,26129,13,UPI,19,0
T510,1058,30058,8,Bank,5,0
T511,1065,37327,7,Bank,25,0
T512,1087,12381,10,UPI,4,0
T513,1093,2491,15,Card,24,0
T514,1084,9321,10,UPI,15,0
T515,1015,28351,4,Bank,17,0
T516,1088,6466,10,Bank,23,0
T517,1072,27355,7,Bank,22,0
T518,1036,4606,1,Bank,19,0
T519,1062,34679,9,UPI,7,0
T520,1035,47612,2,Card,8,1
T521,1060,3411,9,Card,21,0
T522,1065,2059,16,Card,29,1
T523,1033,17056,14,Card,6,0
T524,1044,26306,2,Bank,6,0
T525,1095,42517,12,UPI,7,1
T526,1021,47872,7,Card,5,1
T527,1009,46654,17,Card,20,1
T528,1093,5681,11,UPI,11,0
T529,1041,15168,6,Card,19,0
T530,1034,26932,15,UPI,27,0
T531,1058,40174,18,UPI,1,1
T532,1046,30975,2,UPI,18,0
T533,1040,43583,8,UPI,6,1
T534,1095,37264,18,Card,14,1
T535,1063,18885,13,UPI,23,0
T536,1087,10549,10,Card,17,0
T537,1034,22515,10,Bank,24,0
T538,1024,36158,4,Bank,23,0
T539,1024,27084,3,Card,27,0
T540,1052,36021,9,UPI,10,0
T541,1081,9063,8,Bank,23,0
T542,1087,15896,9,Card,26,0
T543,1044,47731,14,UPI,22,1
T544,1052,15645,3,Card,5,0
T545,1045,14547,14,Card,12,0
T546,1041,42767,15,UPI,10,1
T547,1007,22839,12,UPI,8,0
T548,1076,3977,1,Card,3,0
T549,1043,44806,14,Card,11,1
T550,1074,21515,13,Card,28,0
T551,1030,26211,18,UPI,7,1
T552,1026,10301,18,UPI,7,1
T553,1080,26456,1,UPI,6,0
T554,1079,44687,4,UPI,18,1
T555,1092,10737,3,Card,17,0
T556,1011,45697,5,Card,17,1
T557,1059,35195,2,Bank,28,0
T558,1026,11562,7,UPI,4,0
T559,1001,9909,14,Bank,22,0
T560,1030,43244,17,Card,19,1
T561,1043,14884,2,UPI,11,0
T562,1085,48912,14,Card,16,1
T563,1045,7383,13,Card,12,0
T564,1072,5373,18,UPI,23,1
T565,1041,2027,17,Bank,2,1
T566,1070,4579,8,UPI,6,0
T567,1073,12966,8,Bank,6,0
T568,1036,1045,2,Bank,19,0
T569,1036,22146,14,UPI,16,0
T570,1031,30460,19,Bank,20,1
T571,1033,17974,1,Card,23,0
T572,1040,3955,16,UPI,15,1
T573,1079,22407,17,UPI,5,1
T574,1076,39155,16,Bank,13,1
T575,1085,2178,17,UPI,27,1
T576,1022,42277,7,UPI,10,1
T577,1078,3927,7,Bank,4,0
T578,1007,26851,16,Card,6,1
T579,1044,39422,7,UPI,19,0
T580,1081,9175,4,Bank,22,0
T581,1052,8110,12,Card,24,0
T582,1029,19854,15,Card,10,0
T583,1032,37653,16,Bank,13,1
T584,1072,15654,1,Card,13,0
T585,1016,41029,14,Bank,6,1
T586,1056,32064,9,UPI,21,0
T587,1005,26035,11,Card,16,0
T588,1088,28828,18,Card,28,1
T589,1014,25147,6,Card,26,0
T590,1002,17586,10,UPI,28,0
T591,1036,43019,10,UPI,3,1
T592,1050,1381,10,Bank,15,0
T593,1052,16059,19,UPI,19,1
T594,1050,6286,10,Card,7,0
T595,1015,45006,19,Bank,28,1
T596,1087,27565,12,UPI,24,0
T597,1040,43573,11,UPI,5,1
T598,1056,10213,16,Bank,24,1
T599,1077,2405,4,Card,11,0
T600,1032,13973,9,Card,25,0
T601,1055,44651,2,Card,13,1
T602,1005,30188,14,Bank,16,0
T603,1067,46713,12,Card,23,1
T604,1099,9714,19,Card,14,1
T605,1029,8308,17,Bank,21,1
T606,1062,29175,9,Card,15,0
T607,1019,34437,7,Bank,26,0
T608,1064,3687,14,UPI,13,0
T609,1090,49413,1,UPI,11,1
T610,1035,27592,14,UPI,14,0
T611,1036,44129,19,Bank,29,1
T612,1059,11419,1,UPI,23,0
T613,1082,24449,14,Card,7,0
T614,1034,21957,18,Card,1,1
T615,1036,33397,8,Card,17,0
T616,1051,40892,8,UPI,9,1
T617,1022,49541,12,UPI,12,1
T618,1046,12798,15,Bank,10,0
T619,1042,45479,7,Bank,5,1
T620,1037,45515,4,UPI,2,1
T621,1022,36336,13,Card,16,0
T622,1097,34165,14,UPI,7,0
T623,1092,46720,16,UPI,28,1
T624,1077,7597,7,UPI,5,0
T625,1031,21976,11,Bank,15,0
T626,1049,26666,19,UPI,24,1
T627,1054,32164,15,Card,1,1
T628,1042,5869,2,UPI,26,0
T629,1037,47271,14,UPI,16,1
T630,1065,24643,2,Card,13,0
T631,1088,37609,16,UPI,12,1
T632,1030,29041,19,Bank,21,1
T633,1025,42627,9,UPI,25,1
T634,1059,21734,9,UPI,13,0
T635,1011,40996,6,Card,16,1
T636,1021,8580,18,UPI,21,1
T637,1025,13869,3,Card,8,0
T638,1099,5781,8,Bank,6,0
T639,1074,8814,4,Card,14,0
T640,1061,11058,4,Bank,11,0
T641,1056,29838,11,Card,9,0
T642,1075,4857,4,Bank,6,0
T643,1040,3771,4,Card,1,1
T644,1067,38876,9,Card,3,0
T645,1067,20746,6,UPI,6,0
T646,1051,35597,17,UPI,15,1
T647,1046,3164,2,Bank,2,0
T648,1006,22668,10,Card,13,0
T649,1063,42610,8,Bank,2,1
T650,1079,37958,19,UPI,23,1
T651,1001,6513,19,UPI,10,1
T652,1076,48819,1,Bank,3,1
T653,1025,39563,14,Bank,3,0
T654,1041,18817,6,Card,8,0
T655,1005,49424,10,Card,27,1
T656,1074,6650,10,UPI,8,0
T657,1080,24112,6,UPI,8,0
T658,1022,28538,7,Card,23,0
T659,1074,34381,2,Card,17,0
T660,1087,20473,1,Card,21,0
T661,1044,31983,6,UPI,4,0
T662,1084,14786,14,UPI,13,0
T663,1043,36595,7,UPI,25,0
T664,1042,35368,17,Bank,16,1
T665,1027,44340,19,UPI,16,1
T666,1052,9435,13,Card,17,0
T667,1039,49008,16,Card,1,1
T668,1058,20414,8,Card,9,0
T669,1033,20940,9,Bank,13,0
T670,1088,17804,17,UPI,14,1
T671,1071,29693,16,Bank,24,1
T672,1042,25414,11,Bank,9,0
T673,1008,48153,6,Bank,4,1
T674,1054,9178,3,Card,13,0
T675,1088,43561,1,UPI,12,1
T676,1079,16228,10,UPI,19,0
T677,1057,42990,10,Card,23,1
T678,1056,23485,14,UPI,9,0
T679,1080,4911,3,UPI,21,0
T680,1004,25011,13,Bank,4,0
T681,1070,49350,2,Card,10,1
T682,1073,22254,14,UPI,28,0
T683,1054,8881,4,Card,5,0
T684,1027,44225,15,Bank,4,1
T685,1054,22931,8,Bank,9,0
T686,1025,10811,9,Card,22,0
T687,1051,1318,4,Card,10,0
T688,1063,43018,4,UPI,15,1
T689,1007,45465,15,UPI,5,1
T690,1011,24170,7,UPI,25,0
T691,1051,41589,14,Card,8,1
T692,1018,3610,8,UPI,10,0
T693,1087,44413,3,Bank,12,1
T694,1020,41518,7,Bank,14,1
T695,1011,42547,13,UPI,10,1
T696,1071,36650,8,Card,19,0
T697,1018,12894,14,UPI,4,0
T698,1069,13424,1,Bank,26,0
T699,1028,8788,6,UPI,23,0
T700,1019,45628,18,Bank,12,1
T701,1089,31942,15,Bank,16,0
T702,1032,27924,18,Card,16,1
T703,1013,18970,16,Card,8,1
T704,1069,43950,9,UPI,2,1
T705,1067,44362,13,Card,17,1
T706,1055,7710,15,Bank,11,0
T707,1038,23177,7,Card,26,0
T708,1078,3382,7,Card,2,0
T709,1097,45018,18,UPI,11,1
T710,1093,45785,11,UPI,3,1
T711,1020,4028,9,Bank,21,0
T712,1054,2650,9,Bank,6,0
T713,1002,30574,5,Card,12,0
T714,1087,24046,3,Bank,6,0
T715,1045,18194,16,Bank,15,1
T716,1000,39550,18,UPI,24,1
T717,1026,34282,7,Card,17,0
T718,1013,28956,2,Bank,12,0
T719,1030,29772,18,Card,29,1
T720,1067,4430,15,UPI,17,0
T721,1059,17625,12,Bank,1,1
T722,1090,20222,19,UPI,10,1
T723,1018,19272,6,UPI,29,0
T724,1028,20880,7,Card,9,0
T725,1065,48923,6,Bank,24,1
T726,1040,9070,7,Card,12,0
T727,1036,30373,19,Card,25,1
T728,1083,23875,1,Card,4,0
T729,1091,16673,4,UPI,17,0
T730,1024,10573,19,Bank,18,1
T731,1039,16299,14,UPI,1,1
T732,1085,38125,8,Bank,12,0
T733,1020,29293,13,Card,24,0
T734,1041,8422,15,UPI,25,0
T735,1096,8839,14,Bank,27,0
T736,1020,33093,8,Card,13,0
T737,1016,23996,11,UPI,10,0
T738,1095,26838,8,Bank,24,0
T739,1046,39382,19,Bank,25,1
T740,1071,35292,19,Card,10,1
T741,1030,8148,18,Bank,28,1
T742,1065,38407,12,Card,16,0
T743,1047,49990,9,Card,22,1
T744,1085,43272,19,Card,11,1
T745,1080,48558,5,Bank,27,1
T746,1029,9843,11,UPI,14,0
T747,1071,19520,9,UPI,7,0
T748,1094,28274,7,UPI,6,0
T749,1089,26510,14,Card,17,0
T750,1065,18322,14,Card,15,0
T751,1031,31986,8,UPI,22,0
T752,1023,10281,2,Card,4,0
T753,1073,14447,15,Bank,2,0
T754,1042,18032,16,Card,3,1
T755,1050,48892,10,Bank,28,1
T756,1094,18724,7,Card,25,0
T757,1013,22910,14,UPI,26,0
T758,1036,29991,15,Bank,25,0
T759,1020,35683,2,Bank,9,0
T760,1032,20340,15,Bank,9,0
T761,1035,1128,6,Bank,21,0
T762,1011,45747,11,Bank,2,1
T763,1051,48282,18,UPI,9,1
T764,1005,27386,10,UPI,6,0
T765,1006,22165,14,UPI,17,0
T766,1071,44297,17,Bank,3,1
T767,1008,20353,7,Card,4,0
T768,1028,49823,14,Bank,25,1
T769,1026,34528,19,UPI,29,1
T770,1046,29348,11,Bank,21,0
T771,1016,32422,19,UPI,10,1
T772,1077,26400,19,UPI,10,1
T773,1097,44736,8,Bank,14,1
T774,1082,4219,13,Bank,14,0
T775,1071,44148,5,Bank,19,1
T776,1019,3657,10,Bank,6,0
T777,1004,23942,11,Bank,25,0
T778,1084,2734,1,Bank,13,0
T779,1024,33029,7,Bank,28,0
T780,1019,5439,8,UPI,29,0
T781,1067,43239,14,Bank,22,1
T782,1009,38334,8,Card,13,0
T783,1070,28930,14,Card,28,0
T784,1077,8139,18,Bank,17,1
T785,1019,34767,12,UPI,15,0
T786,1023,26394,8,Card,27,0
T787,1092,1952,16,Card,8,1
T788,1069,46069,8,Bank,12,1
T789,1086,21586,6,UPI,13,0
T790,1048,33178,1,Card,23,0
T791,1087,6622,4,Bank,28,0
T792,1072,46906,6,Bank,14,1
T793,1038,4582,1,Card,8,0
T794,1047,5595,12,Card,11,0
T795,1081,26880,14,Card,10,0
T796,1022,12475,5,UPI,28,0
T797,1029,15389,10,Card,14,0
T798,1058,27767,13,UPI,12,0
T799,1005,18538,19,Card,21,1
T800,1036,38265,9,UPI,28,0
T801,1034,38331,12,Bank,12,0
T802,1048,43282,13,UPI,17,1
T803,1052,13223,9,UPI,24,0
T804,1078,35780,3,Card,25,0
T805,1053,24846,11,Bank,20,0
T806,1031,2732,5,UPI,29,0
T807,1052,22623,7,UPI,27,0
T808,1018,33961,2,UPI,17,0
T809,1022,39358,17,Card,17,1
T810,1072,28635,2,Card,5,0
T811,1044,15642,11,Card,11,0
T812,1082,26070,18,Bank,23,1
T813,1066,20527,3,UPI,5,0
T814,1094,3881,14,UPI,22,0
T815,1080,19073,5,UPI,12,0
T816,1073,1941,15,Card,6,0
T817,1053,31116,6,UPI,5,0
T818,1047,42096,19,Card,15,1
T819,1083,28476,8,UPI,25,0
T820,1096,2065,14,Card,6,0
T821,1066,21063,2,Card,26,0
T822,1013,10800,19,UPI,29,1
T823,1015,1036,8,UPI,23,0
T824,1073,18193,5,UPI,22,0
T825,1005,15589,5,Bank,23,0
T826,1063,19749,5,UPI,24,0
T827,1041,6897,3,Bank,18,0
T828,1016,33645,19,Bank,16,1
T829,1095,12971,3,UPI,9,0
T830,1012,17123,4,Bank,28,0
T831,1094,45062,10,UPI,28,1
T832,1041,33637,11,Card,29,0
T833,1068,14420,11,UPI,16,0
T834,1067,48318,3,UPI,29,1
T835,1080,14503,17,Bank,21,1
T836,1049,11935,3,Bank,14,0
T837,1010,44304,12,UPI,5,1
T838,1013,19677,16,UPI,4,1
T839,1076,34998,8,UPI,20,0
T840,1049,36607,1,UPI,4,0
T841,1051,37522,14,UPI,6,0
T842,1090,1908,18,UPI,22,1
T843,1033,32734,12,Bank,14,0
T844,1027,38512,14,Card,13,0
T845,1023,5195,10,UPI,23,0
T846,1055,47815,19,Card,28,1
T847,1017,46845,8,Bank,21,1
T848,1073,41312,17,Card,7,1
T849,1064,42328,8,UPI,1,1
T850,1022,27975,14,UPI,25,0
T851,1008,37365,9,Card,27,0
T852,1018,2545,11,Card,24,0
T853,1044,40395,2,UPI,20,1
T854,1098,4084,4,Bank,1,1
T855,1027,13175,10,Bank,26,0
T856,1058,1103,14,Bank,20,0
T857,1000,25073,13,Bank,14,0
T858,1009,8650,11,Bank,8,0
T859,1095,20926,3,Bank,10,0
T860,1082,18195,6,Card,7,0
T861,1083,39400,2,Bank,6,0
T862,1020,20222,2,Bank,25,0
T863,1015,22914,8,UPI,9,0
T864,1000,16104,14,Card,27,0
T865,1009,21250,15,Bank,22,0
T866,1006,23021,8,Card,15,0
T867,1033,25720,15,UPI,27,0
T868,1064,23024,11,Bank,4,0
T869,1072,21194,3,Card,20,0
T870,1066,38918,12,Bank,12,0
T871,1094,47727,12,UPI,27,1
T872,1097,27531,15,UPI,27,0
T873,1029,37330,17,UPI,10,1
T874,1002,8323,5,UPI,12,0
T875,1005,33060,8,Card,22,0
T876,1024,30281,6,Card,29,0
T877,1057,42786,5,UPI,22,1
T878,1045,44741,11,Card,7,1
T879,1051,38840,3,Bank,5,0
T880,1081,4009,1,UPI,12,0
T881,1026,13974,14,Bank,24,0
T882,1075,29933,10,Bank,3,0
T883,1003,27276,7,UPI,14,0
T884,1017,48363,16,Card,22,1
T885,1066,47610,5,Card,14,1
T886,1012,6665,2,UPI,1,1
T887,1063,24851,2,UPI,15,0
T888,1050,16201,10,Card,15,0
T889,1027,18392,8,Bank,13,0
T890,1090,21403,13,Card,19,0
T891,1093,45757,7,Bank,11,1
T892,1081,13533,10,Bank,6,0
T893,1006,28112,14,Card,5,0
T894,1059,17124,12,Card,16,0
T895,1047,26993,12,UPI,3,0
T896,1067,40334,11,Card,25,1
T897,1097,44377,10,Card,28,1
T898,1039,29072,1,Card,27,0
T899,1091,13855,6,Card,14,0
T900,1011,1729,13,Card,28,0
T901,1007,35575,19,UPI,29,1
T902,1063,11191,3,UPI,19,0
T903,1029,18486,9,Bank,20,0
T904,1024,45327,2,Bank,26,1
T905,1005,40675,5,UPI,5,1
T906,1041,26281,1,Bank,19,0
T907,1008,3723,16,Card,26,1
T908,1046,34558,14,Card,7,0
T909,1030,3683,13,UPI,29,0
T910,1077,49691,19,UPI,20,1
T911,1017,22117,18,Card,6,1
T912,1038,44007,11,UPI,19,1
T913,1049,12828,12,Bank,21,0
T914,1053,49372,3,Card,28,1
T915,1078,23342,8,UPI,10,0
T916,1004,35052,2,Card,29,0
T917,1070,12070,19,Card,8,1
T918,1032,18811,11,Card,23,0
T919,1018,29022,16,Card,18,1
T920,1013,5338,16,UPI,3,1
T921,1074,23344,11,Bank,27,0
T922,1046,35209,6,Card,2,0
T923,1072,25265,10,UPI,15,0
T924,1055,31284,15,Card,20,0
T925,1088,29698,13,UPI,6,0
T926,1060,37330,9,Bank,26,0
T927,1040,49330,19,UPI,2,1
T928,1087,28869,10,Card,7,0
T929,1004,36298,16,UPI,6,1
T930,1029,27319,4,UPI,14,0
T931,1036,32840,13,Card,9,0
T932,1020,36177,16,Card,27,1
T933,1061,42263,7,UPI,22,1
T934,1096,29677,14,Bank,1,1
T935,1045,17085,14,Card,24,0
T936,1083,24755,4,UPI,4,0
T937,1085,14111,11,Card,10,0
T938,1054,5130,6,Bank,2,0
T939,1037,19328,9,Bank,18,0
T940,1034,9536,5,Card,25,0
T941,1020,21174,13,UPI,16,0
T942,1078,29228,7,Bank,17,0
T943,1033,31895,1,UPI,6,0
T944,1058,47167,13,UPI,29,1
T945,1026,10902,8,UPI,28,0
T946,1005,18535,3,UPI,13,0
T947,1095,15133,5,Bank,9,0
T948,1058,47830,6,Card,28,1
T949,1051,30555,19,Bank,2,1
T950,1049,36028,11,UPI,4,0
T951,1052,22378,1,Card,1,1
T952,1021,12156,7,Card,28,0
T953,1079,25662,7,Bank,19,0
T954,1083,26347,6,Card,17,0
T955,1083,49755,17,Card,5,1
T956,1074,5038,4,Bank,8,0
T957,1069,10258,2,Bank,6,0
T958,1085,18725,8,Card,26,0
T959,1078,4896,8,Bank,20,0
T960,1036,16059,7,Card,16,0
T961,1016,4353,19,UPI,17,1
T962,1043,12530,19,UPI,1,1
T963,1036,2584,14,Bank,24,0
T964,1093,20418,13,Card,12,0
T965,1057,42371,6,Card,2,1
T966,1099,34016,4,Card,7,0
T967,1091,16769,7,UPI,16,0
T968,1055,12836,9,UPI,10,0
T969,1030,46908,19,UPI,4,1
T970,1039,44662,3,Bank,16,1
T971,1085,17158,19,Bank,24,1
T972,1067,17790,9,UPI,20,0
T973,1013,28724,10,Bank,20,0
T974,1032,7173,16,Card,26,1
T975,1072,8541,10,Card,23,0
T976,1090,32118,17,Bank,5,1
T977,1076,2611,4,Card,8,0
T978,1042,37717,15,Card,7,0
T979,1087,15438,4,UPI,26,0
T980,1006,40048,9,Card,10,1
T981,1035,13243,16,UPI,26,1
T982,1063,25002,11,UPI,1,1
T983,1066,1636,14,Card,7,0
T984,1005,32950,8,Bank,24,0
T985,1082,46994,19,Card,19,1
T986,1014,7663,19,Bank,26,1
T987,1060,3058,15,UPI,18,0
T988,1071,31153,14,Card,22,0
T989,1064,24605,4,UPI,27,0
T990,1044,40090,13,Bank,29,1
T991,1085,14192,14,Bank,24,0
T992,1036,49598,5,Card,20,1
T993,1096,42574,18,Bank,9,1
T994,1069,6070,4,UPI,9,0
T995,1079,36426,15,Card,21,0
T996,1052,8930,10,Card,22,0
T997,1073,30634,4,Card,16,0
T998,1001,46689,19,Card,5,1
T999,1075,47390,10,UPI,6,1
